{
    "name": "root",
    "metadata": {
        "timer_format_version": "0.1.0",
        "start_time_seconds": "1614311778",
        "python_version": "3.6.8 (default, Feb  9 2021, 16:09:37) \n[GCC Apple LLVM 12.0.0 (clang-1200.0.32.29)]",
        "command_line_arguments": "/Users/maryamhonari/.pyenv/versions/mla36/bin/mlagents-learn config/AirHockey.yaml --run-id=02Run --env=builds/airhockey_base --force",
        "mlagents_version": "0.24.0.dev0",
        "mlagents_envs_version": "0.24.0.dev0",
        "communication_protocol_version": "1.4.0",
        "pytorch_version": "1.7.1",
        "numpy_version": "1.19.5",
        "end_time_seconds": "1614311915"
    },
    "total": 136.78663902300468,
    "count": 1,
    "self": 0.7336183029983658,
    "children": {
        "run_training.setup": {
            "total": 0.01556434400845319,
            "count": 1,
            "self": 0.01556434400845319
        },
        "TrainerController.start_learning": {
            "total": 136.03745637599786,
            "count": 1,
            "self": 0.19138384208781645,
            "children": {
                "TrainerController._reset_env": {
                    "total": 24.4143736519909,
                    "count": 1,
                    "self": 24.4143736519909
                },
                "TrainerController.advance": {
                    "total": 111.33399046992417,
                    "count": 8724,
                    "self": 0.10228995719808154,
                    "children": {
                        "env_step": {
                            "total": 111.23170051272609,
                            "count": 8724,
                            "self": 85.08367704962438,
                            "children": {
                                "SubprocessEnvManager._take_step": {
                                    "total": 26.047138419322437,
                                    "count": 8724,
                                    "self": 0.8327176097518532,
                                    "children": {
                                        "TorchPolicy.evaluate": {
                                            "total": 25.214420809570584,
                                            "count": 17396,
                                            "self": 5.020091307116672,
                                            "children": {
                                                "TorchPolicy.sample_actions": {
                                                    "total": 20.19432950245391,
                                                    "count": 17396,
                                                    "self": 20.19432950245391
                                                }
                                            }
                                        }
                                    }
                                },
                                "workers": {
                                    "total": 0.10088504377927165,
                                    "count": 8723,
                                    "self": 0.0,
                                    "children": {
                                        "worker_root": {
                                            "total": 135.6550741429528,
                                            "count": 8723,
                                            "is_parallel": true,
                                            "self": 58.76143770669296,
                                            "children": {
                                                "run_training.setup": {
                                                    "total": 0.0,
                                                    "count": 0,
                                                    "is_parallel": true,
                                                    "self": 0.0,
                                                    "children": {
                                                        "steps_from_proto": {
                                                            "total": 0.0011538039980223402,
                                                            "count": 2,
                                                            "is_parallel": true,
                                                            "self": 0.0005066589947091416,
                                                            "children": {
                                                                "_process_vector_observation": {
                                                                    "total": 0.0006471450033131987,
                                                                    "count": 4,
                                                                    "is_parallel": true,
                                                                    "self": 0.0006471450033131987
                                                                }
                                                            }
                                                        },
                                                        "UnityEnvironment.step": {
                                                            "total": 0.019580196996685117,
                                                            "count": 1,
                                                            "is_parallel": true,
                                                            "self": 0.00012206603423692286,
                                                            "children": {
                                                                "UnityEnvironment._generate_step_input": {
                                                                    "total": 0.00012275399058125913,
                                                                    "count": 1,
                                                                    "is_parallel": true,
                                                                    "self": 0.00012275399058125913
                                                                },
                                                                "communicator.exchange": {
                                                                    "total": 0.018877600989071652,
                                                                    "count": 1,
                                                                    "is_parallel": true,
                                                                    "self": 0.018877600989071652
                                                                },
                                                                "steps_from_proto": {
                                                                    "total": 0.0004577759827952832,
                                                                    "count": 2,
                                                                    "is_parallel": true,
                                                                    "self": 0.00029904696566518396,
                                                                    "children": {
                                                                        "_process_vector_observation": {
                                                                            "total": 0.00015872901713009924,
                                                                            "count": 4,
                                                                            "is_parallel": true,