{"cameraMode":{"drawMode":0,"name":"Shaded","section":"Shading Mode"},"sceneLighting":false,"audioPlay":false,"sceneViewState":{"showFog":true,"showMaterialUpdate":true,"showSkybox":false,"showFlares":true,"showImageEffects":true,"showParticleSystems":true},"in2DMode":false,"pivot":{"x":-0.06425666809082031,"y":4.841582298278809,"z":9.5367431640625e-7},"rotation":{"x":0.5293914079666138,"y":-0.04830070585012436,"z":0.030208026990294458,"w":0.8464627861976624},"size":67.51718139648438,"orthographic":false}