{"cameraMode":{"drawMode":0,"name":"Shaded","section":"Shading Mode"},"sceneLighting":false,"audioPlay":false,"sceneViewState":{"showFog":true,"showMaterialUpdate":true,"showSkybox":false,"showFlares":true,"showImageEffects":true,"showParticleSystems":true},"in2DMode":false,"pivot":{"x":-0.19660674035549165,"y":0.2845880687236786,"z":5.587935447692871e-9},"rotation":{"x":0.5293914079666138,"y":-0.04830070585012436,"z":0.030208026990294458,"w":0.8464627861976624},"size":0.1410834640264511,"orthographic":false}