{"cameraMode":{"drawMode":0,"name":"Shaded","section":"Shading Mode"},"sceneLighting":true,"audioPlay":false,"sceneViewState":{"showFog":true,"showMaterialUpdate":true,"showSkybox":true,"showFlares":true,"showImageEffects":true,"showParticleSystems":true},"in2DMode":false,"pivot":{"x":-2.6718697547912599,"y":-5.447317123413086,"z":37.0963134765625},"rotation":{"x":0.19229447841644288,"y":-0.002062198705971241,"z":0.0004041362553834915,"w":0.9813350439071655},"size":63.1828498840332,"orthographic":false}