{"cameraMode":{"drawMode":0,"name":"Shaded","section":"Shading Mode"},"sceneLighting":false,"audioPlay":false,"sceneViewState":{"showFog":true,"showMaterialUpdate":true,"showSkybox":false,"showFlares":true,"showImageEffects":true,"showParticleSystems":true},"in2DMode":false,"pivot":{"x":0.19881708920001985,"y":0.2845880687236786,"z":9.313225746154785e-8},"rotation":{"x":0.36551374197006228,"y":-0.030708448961377145,"z":0.012066321447491646,"w":0.9302210211753845},"size":0.44108355045318606,"orthographic":false}