{"cameraMode":{"drawMode":0,"name":"Shaded","section":"Shading Mode"},"sceneLighting":false,"audioPlay":false,"sceneViewState":{"showFog":true,"showMaterialUpdate":false,"showSkybox":false,"showFlares":true,"showImageEffects":true,"showParticleSystems":true},"in2DMode":false,"pivot":{"x":12.924535751342774,"y":1.8909978866577149,"z":22.891366958618165},"rotation":{"x":-0.3720477819442749,"y":0.6027467250823975,"z":-0.37495970726013186,"w":-0.5980653166770935},"size":90.68991088867188,"orthographic":false}