{"cameraMode":{"drawMode":0,"name":"Shaded","section":"Shading Mode"},"sceneLighting":false,"audioPlay":false,"sceneViewState":{"showFog":true,"showMaterialUpdate":false,"showSkybox":false,"showFlares":true,"showImageEffects":true,"showParticleSystems":true},"in2DMode":false,"pivot":{"x":-0.04186996817588806,"y":-0.04362034797668457,"z":-0.6241530179977417},"rotation":{"x":0.024775346741080285,"y":0.8679680228233337,"z":-0.49408864974975588,"w":0.04352302476763725},"size":1.8784518241882325,"orthographic":false}