{"cameraMode":{"drawMode":0,"name":"Shaded","section":"Shading Mode"},"sceneLighting":false,"audioPlay":false,"sceneViewState":{"showFog":true,"showMaterialUpdate":false,"showSkybox":false,"showFlares":true,"showImageEffects":true,"showParticleSystems":true},"in2DMode":false,"pivot":{"x":-0.013822436332702637,"y":0.3861611485481262,"z":-6.322999954223633},"rotation":{"x":-0.18826168775558473,"y":0.6253854632377625,"z":-0.15902116894721986,"w":-0.7403801679611206},"size":4.5847249031066898,"orthographic":false}